{
  "Component.js": 1713769145735,
  "i18n/i18n.properties": 1713769677000,
  "model/models.js": 1711950905033,
  "controller/OfficalRightScreen.controller.js": 1713769145739,
  "controller/LeftScreen.controller.js": 1713769145741,
  "controller/InitialRightScreen.controller.js": 1713769145740,
  "controller/App.controller.js": 1713769145742,
  "manifest.json": 1713772823885,
  "Component-preload.js": 1713772824497,
  "controller/LeftScreen-dbg.controller.js": 1713769145741,
  "controller/OfficalRightScreen-dbg.controller.js": 1713769145739,
  "model/models-dbg.js": 1711950905033,
  "controller/InitialRightScreen-dbg.controller.js": 1713769145740,
  "controller/App-dbg.controller.js": 1713769145742,
  "Component-dbg.js": 1713769145735,
  "resources/images/SAP_AI_Core_Service_Icon.svg": 1711950905033,
  "view/OfficalRightScreen.view.xml": 1713769145742,
  "view/LeftScreen.view.xml": 1713769145742,
  "view/InitialRightScreen.view.xml": 1713769145742,
  "view/FileUploading.fragment.xml": 1711950905033,
  "view/FileManagement.fragment.xml": 1711950905033,
  "view/App.view.xml": 1713769145742,
  "css/style.css": 1711950905033,
  "index.html": 1713769145735
}